NomID,Prenom,Nom,Notes,Fonctions,LienWikidataAnnote
49472,András,Kovács,,,Q848276
53671,Simon,Lazarus,,,NA
107427,Hugo,Lalonde,,,NA
92244,I.,Brodo,,,NA
119016,Monique,Brun,,,NA
144157,Bob,Crewe,,,Q2295154
34628,Terry,Thomas,,,Q711129
133160,,"Stills, The",,,Q630797
31673,Charles,Fasquelle,,,NA
104596,Élaine,Caron,,,NA
1069,Nadine,Chatsy,,,NA
17584,Jean-Bernard,Fetoux,,,NA
45088,Jean-Pierre,Bonin,,,NA
50834,Yves,Deniaud,,,Q3573608
151095,Chun-Ku,Lo,,,NA
45030,Arch,Oboler,,,Q632079
1269,Albert,Dekker,,,Q2092070
131221,Philippe,Morissette,,,NA
114937,Sébastien,Roy,,,Q77944329
123920,Patrick J.,Sheehan,,,NA
115839,J.T.,Chrome,,,NA
21780,Caroline,Aubin,,,NA
47231,Catherine,Rich,,,Q2942047
72621,André,Yelle,,,NA
20045,Kathi,Prosser,,,NA
102502,Barbara,Hobson,,,NA
23359,Richard,Lighstone,,,NA
83797,Dina S.,Khouri,,,NA
24462,J.,Matuszkiewicz,,,NA
146349,Hadar,Friedlich,,,NA
46774,Alain,Tixier,,,Q2830325
83827,Siegrid,Alnoy,,,Q27974361
37638,Charles,McDougall,,,Q1065507
26682,Phyllis,Curtin,,,Q513677
81248,Mary Lynn,Deachman,,,NA
23841,Nelson,Eddy,,,Q562641
144421,Fred,Amblard,,,NA
125760,Bernard,Quessy,,,NA
80154,Donald,James,,,Q5294593
101783,Jimmy,Savile,,,Q713479
113717,Emmanuel,Aquin,,,Q971919
94668,Alain,Charette,,,NA
136549,,Kim Thuy,,,Q460811
114326,Vanina,Zarlenga,,,NA
48243,James Lee,Barrett,,,Q1680701
102099,Joseph,Rouschop,,,NA
98888,Alex,Galatis,,,NA
22364,José,Rodrix,,,NA
139935,Daniel,Norris,,,NA
143237,Shelley,Fabares,,,Q456187
135883,Michael,Adler,,,NA
48985,Claude,Rouzeau,,,NA
122488,Fraser,Moore,,,NA
120103,Caroline,Leroux,,,NA
92821,Léonard,Guilbert,,,NA
99390,Donna,Nonnan,,,NA
13888,Odette,Talazac,,,Q3349208
122576,Anne,Thériault,,,NA
45288,Jack,Elliott,,,Q1677025
37203,James,Villiers,,,Q1681233
49390,David,Zigh,,,NA
74230,Manuel,López Ochoa,,,Q4340744
53316,Denise de,Casabianca,,,Q3023104
56769,Tom,McDonough,,,NA
130642,Laurence,Wegscheider,,,NA
99970,Telu,Mansfield,,,NA
80523,Philippe,Cousineau,,,Q3379657
118555,Claude,Leclerc,,,NA
5502,Michel,Matague,,,NA
73537,Michele,Anthony,,,NA
140815,Georgina,Wyman,,,NA
41995,Jacques,Bouvier,,,NA
8919,Troy,Miller,,,Q3541033
142851,Ariane,Drapeau,,,NA
140671,Normand,Brillant,,,NA
30043,Jacques,Bondon,,,Q3158315
29619,Georges,Lacombe,,,Q326479
83227,William Y,Smith,,,NA
2233,Leo,Hurwitz,,,Q3229564
13510,Josette,Dayde,,,Q3185934
116119,Joe Jack,Wagner,,,NA
94064,Julien,Boisselier,,,Q976460
146358,,Seas,,,NA
84214,Havelock,Gradidge,,,NA
33365,Budd,Schulberg,,,Q562874
28681,Christer,Furubrand,,,NA
17667,Bernadette,Le Saché,,,Q2897364
123581,Sandra,Jacques,,,NA
91327,Marcus von,Holzendorff,,,NA
5593,Adam,Slawinski,,,NA
145146,Kabeer,Kaushik,,,Q6344020
154182,David,Farrier,,,Q16204856
44482,Laurie,Keller,,,NA
74418,Marylise,Labonté,,,NA
77909,Larry,Gough,,,NA
88481,Lucie,Ouimet,,,NA
56227,Marcel,Vertès,,,Q521154
141690,Charles L.,Barbee,,,NA
31506,Leopold,Fabiani,,,NA
137453,Antonietta,Presta,,,NA
31843,Mark,Hamill,,,Q210447
148394,Guillaume,Mainguet,,,Q38054076
105404,Jun'ichi,Yamamoto,,,NA
136576,Ian,Vandewalle,,,NA
5763,Mahmoud,Ben Mahmoud,,,Q6734322
35892,Françoise,Lugagne,,,Q3086543
91273,Gérard,Bruneau,,,NA
141671,Juan Jose,Meza-Leon,,,Q47512260
49472,András,Kovács,,,Q848276
10981,Serge,Franklin,,,Q3479307
148350,Boris,Kodjoe,,,Q112167
137082,Lutz,Becker,,,NA
77980,Uma,Shankar,,,NA
82244,François,Spanu,,,NA
8303,Jadami,Watanabe,,,NA
109808,Pierre,Thibault,,,NA
58040,Sidney A.,Franklin,,,Q773066
125427,Pierluigi,DeMas,,,NA
31143,Gus,Trikonis,,,Q5620782
109130,Graham,Coleman,,,NA
72488,France,Dauphin,,,NA
74387,Ed,Decter,,,Q3048492
5416,Jesse,Deane,,,NA
49189,Marina,Runne,,,NA
33453,Vincent,Dostaler,,,NA
136801,Jean-Pierre,Gougeon,,,NA
70054,Huguette,Proulx,,,Q3142349
125031,Leticia,Herrera,,,NA
99000,Augusto,Zavonello,,,NA
125655,J.-R.,Chapleau,,,NA
118870,Esopos,Illia,,,NA
92199,Christine,Lebel,,,NA
146563,Eilon,Ratzovsky,,,NA
118127,Adriana,Roch,,,NA
87724,Jean-Pierre,Bluteau,,,NA
25355,Robin,Strasser,,,Q2112357
101937,Andrée,Thibeault,,,NA
71143,Géraldine,Cotte,,,NA
128587,Denis,Cantin,,,NA
20991,Robert,Cohen Solal,,,Q3434828
26003,"Rudolf, Jr.",Deyl,,,Q3505244
44683,Jean,Michaud,,,Q15069162
2499,Marcel,Lamy,,,NA
31354,Georges,Aminel,,,Q3102178
104047,Yves,Châteauneuf,,,NA
77092,Gilles,Grégoire,,,NA
44784,George,Fleischmann,,,NA
113930,Patricia,Bélisle,,,NA
57040,Maurice,Burnan,,,NA
44108,João Batista de,Andrade,,,Q3701664
104515,Jacques,Séguin,,,NA
151837,Denis,Turgeon,,,NA
53068,Jiri,Kolafa,,,Q56881313
91143,Fred,Niemann,,,NA
99684,Micki,Mansel,,,NA
103972,John,Bottomley,,,NA
88757,Hugo,Molina,,,NA
35290,Leigh Douglas,Brackett,,,NA
124900,Fernande,Shaw,,,NA
12668,François,Bernheim,,,Q3083949
101024,Sabin,Hudon,,,NA
20169,Richard,Murphy,,,Q3431059
81991,Maurice,Chaillot,,,NA
155875,Jack,Miller,,,Q68325699
125530,Tsuneo,Goda,,,Q11412516
149085,Jacques,Renzo-Villa,,,NA
122711,Antonio,Dumitru,,,NA
47543,Patrick,Garland,,,Q7146555
52359,Tony,Boughen,,,NA
92138,Louis-Gilles,Francoeur,,,NA
83040,Jean,Krettler,,,NA
11068,Farid el-,Atrache,,,Q1391669
83458,Aviva,Herman,,,NA
32196,Jaromir,Borek,,,Q1683575
154524,Janet,Chin,,,NA
136382,Carlos,Somante,,,NA
15918,Janet,Blair,,,Q271327
125048,Mary,Trainer,,,NA
148921,Shailene,Woodley,,,Q231058
98299,Tomoko,Hidaka,,,NA
92802,Yannick,Prévost,,,NA
39058,Lynda,Myles,,,Q6708565
20202,Jean,Wipff,,,NA
42711,John,Strickland,,,Q6259443
35562,Nicholas,Kinsey,,,NA
72834,Yvette,Camp,,,NA
142097,Sébastien,Peeters,,,NA
123245,Jeff,Fowler,,,Q15453979
16685,Chris K.,Economakis,,,NA
14931,Linda,Grenier,,,NA
154776,Rebecca,Kohler,,,Q61152750
4168,Frederic W.,Ziv,,,NA
83740,Pierre,Boisvert,,,NA
48991,George,Paul,,,NA
143815,François,Roy,,,NA
131036,Roger,Routhier,,,NA
51558,Angèle,Lebeau,,,NA
145032,,I Peed my Pants Nance,,,Q229211
13023,,Thirard,,,Q677834
32672,Margaret,Laurence,,,Q443591
117367,Kristen,Hager,,,Q455211
96112,Paul-Émile,Laroche,,,NA
154069,Ramsay Ann,Naito,Productrice américaine,,NA
57440,Michel,Elias,,,Q3309564
89926,Sherman,Marks,,,NA
48229,Don,Stearn,,,NA
81958,Simone,Debau,,,NA
104700,Maryse,Maisonneuve,,,NA
4730,Michel,Salina,,,Q62415609
141076,Judith,Marriott,Productrice,,NA
43016,Martin,Gabel,,,Q554000
73846,Firmin,Gémier,so : IMDB,,Q1132691
100088,Marilyn,Manson,,,Q186327
41178,,Remy,,,NA
153568,Stefan,Schwietert,"Réalisateur, scénariste et producteur suisse né en Allemagne",,Q2801818
147294,Julien,Abraham,Réalisateur et cinéaste français,,Q15205186
97143,Frédéric,Page,Directeur artistique,,NA
71058,Myrabelle,Charlebois,,,NA
152313,David,Wyler,Producteur,,NA
136861,Frédéric,Dubé,Humoriste,,NA
27325,Jose Carlos,Marques,,,NA
83192,Léo,Munger,,,NA
113369,Joseph,Hale Fialkov,,,NA
141600,Monique,Levasseur,,,NA
107865,Steven S.T.,Ngan,,,NA
148198,Magali,Magistry,Réalisatrice et scénariste française,,NA
103331,Jean-Pierre,Alarie,Comédien,,NA
102208,Anne-Marie,Baron,,,NA
57534,Alexandre,Alov,,,Q2359384
24627,Elisabeta,Lalier,,,NA
122170,Julie,Papin,,,NA
53867,,Pen-Ek Ratanaruang,,,Q725376
57754,Rolland,Chenail,,,NA
151045,Shim,Sung-Bo,,,Q21091613
96462,Clive,Saunders,,,NA
45408,,Marc'O,,,Q3287588
86091,Harley,McCanley,,,NA
81103,Évelyne,Rompré,,,Q2383273
75315,Ivan,Zuccon,"so : L'Écran fantastique 224, p.71",,Q3804792
25141,Réal,Béland,comédien et humoriste,,Q3454396
109360,Alexandre,Giffard,,,NA
99359,Jean-Luc,Brassard,,,Q3167097
20997,Marc,Lobet,,,Q3288219
13034,Fred,Johnson,,NATIVE LAND (1942) - Interprétation,Q60484735
132795,Robert,Kerr,"Directeur IMAX, producteur canadien",VIE POLAIRE / POLAR LIFE (1967) - Producteur,Q60693953
141294,Dev,Singh,Monteur,AUCTIONEER (2012) - Montage images ; IMPOSSIBLE (2011) - Montage images,NA
121067,Nick,Tate,,COOLANGATTA GOLD (1984) - Interprétation,Q1423160
1908,J.,Biroc,,HAMMETT (1982) - Images,NA
100988,Katherine,Kousi,,SILENT MEN (2005) - Interprétation,Q71193133
57067,Eugène,Bellin,,VIVA LA VIE (1984) - Producteur,NA
13692,Kendra,Kirchner,,ANDROÏD (1982) - Interprétation,NA
43399,Raimund,Harmstrof,,SCERIFFO EXTRATERRESTRE...POCO EXTRA E MOLTO TERRESTRE (1979) - Interprétation,NA
45891,Gamal,Salama,,HADOUTA MISRIYA (1983) - Musique,NA
26836,Mario,Chabot,Réalisateur québécois,SCOOP 3 () - Interprétation ; FEU AU COEUR (1996) - Producteur ; MÉCHANT PARTY (2000) - Scénario ; CLERMONT (1997) - Interprétation,NA
96128,Phil,Welsh,,"SUCCÉDANÉ (PRISE 1) (1997) - Musique, Prise de son",NA
88789,,Blue Northern,,SHE'S A RAILROADER (1978) - Musique,Q19873612
131276,Leah,Michaud,"Productrice, réalisatrice, caméraman","MUSIC WITH MEANING (2008) - Images, Producteur",NA
150779,Guanzhong,Luo,Auteur chinois,SANGOKUSHI (1982) - Source originale,Q264517
99660,Marie-France,Bolduc,,HISTORIA DE JULIO (1987) - Interprétation,NA
142505,Paul,Heymans,Ingénieur du son belge,ARCHIPELS NITRATE (2009) - Mixage,Q77944364
85364,Paul,Krivicky,,TAMING OF THE DEMONS (1986) - Producteur,NA
136497,Hans A.,Spanuth,Producteur américain,SPANUTH'S ORIGINAL VOD-A-VIL MOVIES (1919) - Producteur,NA
56908,Èvelyne,Aznavour,,POURQUOI VIENS-TU SI TARD? (1958) - Interprétation,NA
82220,Daphne,Zuniga,,ARTIFICIAL LIES (1999) - Interprétation ; LOSS OF FAITH () - Interprétation,Q236204
81983,Gérard,Malo,,UN LIEU QUI EN DIT LONG : MAILLARDVILLE (1986) - Narrateur,NA
142245,Pierre,Vallières,Participant au documentaire GAGNER LE NORD,GAGNER LE NORD () - Participant,Q2093965
96752,Boyd,Bonizke,,"AMOUR, L'AMOUR, SHUT THE DOOR, POR FAVOR (1998) - Montage images",NA
598,Joanna,Pacula,,WARLOCK : THE ARMAGEDDON (1993) - Interprétation ; KISS (1988) - Interprétation,Q265996
17655,Barry,Greenwald,,"METAMORPHOSIS / MÉTAMORPHOSE / METAMORFOSIS / METAMORPHOSE (1975) - Montage images, Producteur ; TAXI ! (1982) - Scénario",Q4864279
26411,Arlette,Lalande,,AMITIÉS PARTICULIÈRES (1964) - Montage images ; MARIÉE EST TROP BELLE (1956) - Montage images,NA
90219,William,Coleman,,SOUPIRS D'ÂME (2004) - Interprétation,NA
80431,Paul,Lafrenière,,SYLVAIN (1980) - Participant,NA
14429,Claude,Melki,,AMOUR C'EST GAI L'AMOUR C'EST TRISTE (1969) - Interprétation ; BRIGITTE ET BRIGITTE (1966) - Interprétation ; PARIS VU PAR... (1965) - Interprétation ; ACROBATE (1976) - Interprétation,Q2977812
131894,Maxime,Morin,"Musicien, compositeur québécois","KEEP ON (REMIX) () - Interprète musique, Participant ; NO HEAVEN () - Interprète musique ; MATRONI ET MOI (1999) - Musique ; FRANCS-TIREURS [Saison 08] () - Musique ; FRANCS-TIREURS [Saison 09] () - Musique ; FRANCS-TIREURS [Saison 10] () - Musique ; FRANCS-TIREURS [Saison 11] () - Musique",Q3011283
90881,William,Penell,,"YOU'RE A SAP, MR. JAP (1942) - Interprétation ; ALONA ON THE SARONG SEAS (1942) - Interprétation ; TOO WEAK TO WORK (1943) - Interprétation ; WE'RE ON OUR WAY TO RIO (1944) - Interprétation ; FEMALES IS FICKLE (1940) - Interprétation ; SCRAP THE JAPS (1942) - Interprétation ; OLIVE OYL AND WATER DON'T MIX (1942) - Interprétation ; WOOD-PECKIN' (1943) - Interprétation ; BABY WANTS A BOTTLESHIP (1942) - Interprétation",NA
16205,Teiji,Ito,,LANGUAGE OF FACES () - Musique ; MOON PLAY (1962) - Musique ; MESHES OF THE AFTERNOON (1943) - Musique,Q7695016
109658,Jean-Pierre,Garnier,,SATELLITE () - Images,NA
13929,Jacek,Gasiorowski,,"TAK, TAK (1995) - Scénario",NA
56902,David,Sheiner,,Colonels () - Interprétation,Q5239710
143194,Michael-Oliver,Harding,Réalisateur québécois,"DIGITRAIL (2004) - Producteur, Création",NA
57161,Raymond,Plante,Scénariste et écrivain québécois,DU TAC AU TAC () - Scénario ; TRAIN SAUVAGE () - Scénario ; ANDRÉE ET ROBERT () - Scénario ; LUC ET FRANÇOISE () - Scénario ; APOLLO 11 : LANCEMENT () - Animateur d'émission ; INGÉNIEUX DON QUICHOTTE () - Scénario ; MAISON DESCHÊNES () - Scénario,Q3421092
153060,Matt,Devere,Comédien,PILLARS OF THE EARTH () - Interprétation,NA
38560,Lisa,Day,,LET'S SPEND THE NIGHT TOGETHER (1982) - Montage images,Q25879589
119634,Lina,Sauvageau,Comédienne,C'EST BEN BEAU L'AMOUR » (1971) - Interprétation,NA
88910,Pier Paolo,Capponi,,RACE FOR THE BOMB () - Interprétation ; SCACCO ALLA MAFIA (1970) - Interprétation,Q3902938
33514,Alain,Chartrand,,"CONQUÊTE (1973) - Assistant réalisation ; FANTASTICA (1980) - Assistant réalisation ; ISIS AU 8 (1972) - Montage images, Producteur, Scénario ; ÉTAU-BUS (1983) - Scénario ; PIASTRE (1976) - Scénario ; ON N'EST PAS DES ANGES (1981) - Musique ; ÉCLAIR AU CHOCOLAT (1979) - Assistant réalisation ; DOUCES (1981) - Scénario ; UN HOMME DE PAROLE (1991) - Scénario ; ASSASSIN JOUAIT DU TROMBONE (1991) - Interprétation ; ON N'EST PAS SORTI DU BOIS (1982) - Producteur ; TOUT FEU, TOUT FEMME (1975) - Assistant réalisation ; UNE VIE COMME RIVIÈRE (1996) - Scénario ; ORDRES (1974) - Assistant réalisation ; UN ZOO LA NUIT (1987) - Assistant réalisation ; SI SMATTES QUE ÇA? (1972) - Images, Montage images ; BONS DÉBARRAS (1980) - Assistant réalisation ; PRISE DE VUE. NO 12 () - Participant ; JEUX DE LA XXIe OLYMPIADE (1977) - Générique additionnel ; CINÉMA OUTREMONT : LE PROCÈS D'OCTOBRE, SOIRÉE RENCONTRE 4, 15 OCTOBRE 1975 (1975) - Participant ; ÉQUINOXE (1986) - Assistant réalisation ; RÉVOLUTIONNAIRE (1965) - Interprétation ; LAURA LAUR (1989) - Interprétation ; MAISON DU PÊCHEUR (2013) - Scénario",Q2829652
98947,Meyer,Shwarzstein,,RUNNING HOME (1998) - Producteur ; LITTLE MEN [1] () - Producteur délégué ; LOSS OF FAITH () - Producteur délégué ; SONG SPINNER () - Producteur délégué ; LITTLE MEN [02] () - Producteur délégué,NA
98817,Véronique,Herbaut,,BLAKE ET MORTIMER () - Scénario,NA
8745,Louis,Dupire,,"SUR LA LIGNE, VARIATION no 1 (2009) - Montage sonore ; MANÈGE (1993) - Montage sonore, Prise de son ; LISTE NOIRE (1995) - Conception sonore ; C'EST COMME UNE PEINE D'AMOUR (1985) - Prise de son ; VISAGE PÂLE (1985) - Montage sonore ; EMBRASSE-MOI, C'EST POUR LA VIE () - Montage sonore ; FLEURS MAGIQUES (1995) - Prise de son ; MOTEL (1995) - Conception sonore ; PUDDING CHÔMEUR (1996) - Conception sonore ; OZIAS LEDUC... COMME L'ESPACE ET LE TEMPS () - Montage sonore ; AGRICULTURE SANS POISON (1981) - Prise de son ; JOUETS (1978) - Prise de son ; DERNIÈRE CONDITION (1982) - Prise de son ; DAME EN COULEURS (1985) - Montage sonore ; MARCHANDS DU SILENCE () - Montage sonore ; SIGNÉ CHARLOTTE S. (1990) - Montage sonore ; GRAND JACK (1987) - Montage sonore ; AUTOMNE SAUVAGE (1992) - Prise de son ; JARDIN D'ANNA () - Prise de son ; BOYS (1997) - Montage sonore ; BECAUSE WHY (1993) - Prise de son ; OURS RENIFLEUR / THE SNIFFING BEAR (1992) - Prise de son ; HATHI (1998) - Montage sonore ; HATHA YOGA (1977) - Prise de son ; TAE KWON DO (1977) - Prise de son ; SOUVENIRS INTIMES (1999) - Montage sonore ; MÉCHANT PARTY (2000) - Prise de son ; INVENTION DE L'AMOUR (2000) - Prise de son ; PIN-PON, LE FILM (1999) - Conception sonore ; COLLECTIONNEUR (2002) - Prise de son ; POLOCK () - Montage sonore ; BEAUTÉ DES FEMMES () - Montage sonore, Prise de son ; SANS ELLE (2006) - Conception sonore ; MONTRÉAL OFF (1992) - Montage sonore ; LAROSE, PIERROT ET LA LUCE (1982) - Prise de son ; OCÉANAUTES () - Conception sonore ; DE MA FENÊTRE, SANS MAISON... (2006) - Conception sonore ; VIE D'UN HÉROS (1994) - Montage sonore ; URGENCE () - Montage images ; SENZA NOSTALGIA () - Conception sonore ; QUAND LE CADRE NE CADRE PLUS () - Montage sonore ; CAPORAL MARK () - Montage sonore ; PROMESSE [02] () - Montage sonore ; PSY, LA VICTIME ET LE BOURREAU () - Montage sonore ; TIME BOMBS () - Montage sonore ; PROMESSE [01] () - Montage sonore ; KAMOURASKA () - Montage images ; TO HELL WITH MANNERS! : THE DECLINE OF CIVILITY () - Conception sonore ; DES CHAUVES-SOURIS ET DES HOMMES () - Conception sonore, Montage sonore ; BAT & MAN () - Conception sonore, Montage sonore ; POSTIÈRE (1992) - Prise de son ; CHÊNE ET LE ROSEAU : QUEL AVENIR POUR L'AGRICULTURE? () - Conception sonore, Montage sonore, Prise de son ; THÉÂTRE EXTRÊME () - Prise de son ; SAUVAGE (2010) - Montage sonore ; NOIR... ET BLANC AUSSI () - Montage sonore ; SUPER SANS PLOMB () - Montage sonore ; OR DES AUTRES () - Montage sonore ; SUR LA LIGNE, VARIATION no 2 (2011) - Montage sonore",NA
54645,Madan,Mohan,,DAK GHAR (1967) - Musique,Q422999
17743,Cy,Grant,,AT THE EARTH'S CORE (1976) - Interprétation,Q2650816
41305,Pierre,Labelle,,"DÉFI DES CADETS DE LA MARINE () - Montage images ; APPARITION (1972) - Interprétation ; APRÈS-SKI (1971) - Interprétation ; FRANÇAIS, LANGUE DU TRAVAIL (1972) - Interprétation ; BARONETS () - Interprétation ; POUR ADULTÈRE, VOTRE HONNEUR (1980) - Interprétation, Scénario ; UN HUMOUR COMME LE NÔTRE () - Interprétation ; KRAFT. LE P'TIT QUÉBEC () - Interprétation ; SUPERFRANCOFÊTE 74 : UN REPORTAGE SUR LE FESTIVAL INTERNATIONAL DE LA JEUNESSE (1974) - Images",Q23692137
127687,George,Lomaga,,DEATH IS IN TROUBLE NOW : THE SCULPTURES OF MARK ADAIR (2007) - Images ; OF LINES AND MEN : THE ANIMATION OF JONATHAN AMITAY (2007) - Images,NA
98874,Joyce,Lukon,,HARD FEELINGS (1981) - Producteur délégué,NA
8022,Stela,Vasilesco,,FABLIO LE MAGICIEN (1969) - Montage images ; CHAT ET UN VIEUX RAT () - Montage images ; GRENOUILLE QUI VEUT SE FAIRE AUSSI GROSSE QUE LE BOEUF () - Montage images ; LOUP ET LE CHIEN () - Montage images ; TORTUE ET LES DEUX CANARDS () - Montage images ; LION ET LE MOUCHERON () - Montage images,NA
38692,Gary,Mooney,,CRUISE (1967) - Animation,Q5525614
50451,Claire,Nault,,HIVER BLEU (ABITIBI 1978) (1979) - Interprétation,NA
147717,Whit,Fraser,,AILES DE JOHNNY MAY () - Participant,NA
135367,Richard,Dougherty,Producteur,TEETH : PEOPLE ARE SMARTER THAN GERMS (1974) - Producteur,NA
51626,Nathalie,Loubeyre,so : IMDB,FULL BLAST (1999) - Scénario ; VOIX DES RIVIÈRES (1997) - Régie,Q26828566
115526,Patrick,McGowen,,FINN'S GIRL (2007) - Images,NA
44246,Claude,Rains,,HERE COMES MR. JORDAN (1941) - Interprétation ; LISBON (1956) - Interprétation ; CASABLANCA (1942) - Interprétation ; CAESAR AND CLEOPATRA (1945) - Interprétation ; LAWRENCE OF ARABIA (1962) - Interprétation ; ANGEL ON MY SHOULDER (1946) - Interprétation ; MAN WHO WATCHED TRAINS GO BY (1952) - Interprétation,Q318734
95479,Woody,Guthrie,,UNION MAIDS (1976) - Musique,Q4061
20185,Éric,Pelletier,,PEURS BLEUES () - Interprétation,NA
24544,Denis,Paquet,,"EUPHORYTHME (1990) - Interprétation, Musique ; GANG DE RUE () - Producteur délégué",NA
92981,Don,Barclay,,CANNONBALL (1915) - Interprétation,Q382464
88213,Richard,Westlien,,CHINA MISSION : THE CHESTER RONNING STORY (1980) - Images,NA
128678,Pedro,Gomez-Égaña,Artiste colombien,RENCONTRE INTERNATIONALE D'ART PERFORMANCE DE QUÉBEC 2006 : MACHIN'TRUC (2008) - Participant,Q45348635
110931,Guylaine,Roquet,Les Soeurs de Sainte-Croix,CONGRÉGATION DES MARIANITES : SOEUR GUYLAINE ROQUET (2005) - Participant,NA
24766,Jacques,Proulx,"Agriculteur, syndicaliste québécois","MODE D'EMPLOI () - Participant ; TÉLÉ-MÉTROPOLE : PRÉSENTATION 1979 () - Participant ; GILLES PROULX : 1 HOMME, 3 PASSIONS () - Participant ; P'TITES VUES () - Participant ; REEL DU FROMAGER () - Participant",Q2311574
98085,Mireille,Jolicoeur,,TACOTS (1974) - Interprétation ; POUR LE MEILLEUR ET POUR LE PIRE (1975) - Interprétation,NA
40754,,Montagnini,,SANTO DISONORE (1948) - Musique,NA
85431,Francis,Catalano,,AVOIR 16 ANS (1979) - Interprétation,NA
81410,Martin,Ferland,,VOYAGE DU CHAMAN (1989) - Direction artistique ; DIEU REÇOIT () - Décors ; CAFÉ DES AVEUGLES (1995) - Décors ; COQ DE ST-VICTOR (2014) - Animation,NA
145661,Trevor,Brown,,HELP (2009) - Images,Q1444568
21709,Gérard,Carré,,URGENCE (1985) - Source originale,Q21288078
54058,René,Lepire,,"ACTEUR, LA VOISINE (1982) - Producteur délégué, Scénario",NA
89980,,Germain,so: GRAFICS; athlète,CONCOURS DES SACS DE SEL (1907) - Participant,NA
79973,Marcel,Cariven,,SON COPAIN (1950) - Interprète musique,Q33873971
82626,Bert,Sherlock,,WORD GAMES () - Participant,NA
106331,John,Kuyk,,RISK TAKERS [Saison 02] () - Producteur ; ACCIDENT INVESTIGATOR () - Producteur ; ACCIDENT INVESTIGATOR [Saison 02] () - Producteur ; STUNT STARS () - Producteur,NA
24166,Jacques,Jarry,,"P'TITE BOURGOGNE (1968) - Montage sonore ; TI-COEUR (1969) - Montage sonore ; ET DU FILS (1972) - Montage sonore ; VIOLON DE GASTON (1974) - Montage images ; UN SOLEIL PAS COMME AILLEURS (1972) - Montage sonore ; HEURE BLEUE (1976) - Montage images ; TROUBBES DE JOHNNY (1974) - Prise de son ; ÉPISODE (1968) - Montage sonore ; CAPTURE (1969) - Montage sonore ; HOMME ET LE FROID (1971) - Montage images, Montage sonore ; ÉLISA 5 OU LES INQUIÉTUDES D'ÉLISA (1972) - Montage images ; GUÉRILLA, LES GARS (1971) - Montage images ; TALE OF MAIL (1966) - Images ; MON ONCLE ANTOINE (1971) - Montage sonore ; BEAU PLAISIR (1968) - Prise de son ; PETITS INVENTEURS (1975) - Montage images ; ST-DENIS DANS LE TEMPS... (1970) - Montage sonore, Prise de son ; QUÉBEC À VENDRE (1977) - Montage images ; SKI DE FOND / CROSS-COUNTRY SKIING (1970) - Montage sonore ; ANIMAL MOVIE (1966) - Images ; TROUVAILLES OU BIZARRERIES / THINGUMAJIGS (1976) - Montage images ; DERNIÈRE NEIGE (1973) - Montage sonore",NA
3008,J.,Wojciechowski,,LUDZIE W DRODZE (1959) - Musique,NA
94547,Michael,Joelle,,BREAST MILK IN A BOTTLE? (1980) - Participant,NA
15969,Susie,Synnott,,MADAME DE CRÉHAUX (1981) - Montage images ; COLOURS OF MY FATHER : A PORTRAIT OF SAM BORENSTEIN (1991) - Animation ; VIE EST BELLE! (1988) - Scénario ; 1974 (2000) - Générique additionnel ; MON ONCLE ANDRÉ (2002) - Participant,NA
53292,David,McLeod,,KELLY (1981) - Assistant réalisation,NA
154773,Jan,Vanis,Directeur photo et photographe tchèque,DOBRE VYPOCTENÉ KLADIVO (1977) - Images,NA
46199,Herménégilde,Lavoie,,"RENCONTRES DANS L'INVISIBLE (1958) - Images, Producteur",Q59692199
19043,Sandro,Ruffini,,FIAMME SULLA LAGUNA (1951) - Interprétation,Q3948290
4839,Antonio,Casagrande,,HASARD ET LA VIOLENCE (1974) - Interprétation ; RAGAZZA DEL BERSAGLIERE (1966) - Interprétation,Q3619381
8524,Dorothée,Letessier,,VOYAGE À PAIMPOL (1985) - Source originale,Q2412613
43786,Gordon,Fleming,,60 CYCLES (1965) - Musique ; CATUOR (1970) - Musique ; MODULATIONS (1972) - Musique,NA
101276,Stephen,Merchant,,JOB () - Source originale ; JOB () - Source originale ; APRÈS LA JOB () - Source originale,Q23814
73185,Adam,Leipzig,,ASSOCIATE (1996) - Producteur,Q4679389
115115,Anna,Jeager,,DEADEN (2006) - Interprétation,NA
146537,Silas,Makokis,,HIT THE ICE [Saison 01] () - Participant ; HIT THE ICE [Saison 01] () - Participant ; HIT THE ICE [Saison 02] () - Participant ; HIT THE ICE [Saison 02] () - Participant,NA
127468,Julien,Boulanger,,VIRGINIE [Saison 04] () - Interprétation ; VIRGINIE [Saison 05] () - Interprétation ; VIRGINIE [Saison 06] () - Interprétation,NA
49200,Max von,Sydow,,DENNIS GABOR : REINVENTING THE FUTURE OF THE WORLD () - Narrateur ; EUROPA (1991) - Narrateur ; PELLE EROBREREN (1987) - Interprétation ; DEADWATCH (1979) - Interprétation ; DESERTO DEI TARTARI (1976) - Interprétation ; NILS HOLGERSSONS UNDERBARARESA (1961) - Interprétation ; THREE DAYS OF THE CONDOR (1975) - Interprétation ; JUNGFRUKÄLLAN (1959) - Interprétation ; PASSION (1969) - Interprétation ; SJUNDE INSEGLET (1957) - Interprétation ; TOUCH (1971) - Interprétation ; VARGTIMMEN (1968) - Interprétation ; ENSKILDA SAMTAL () - Interprétation ; VERCINGÉTORIX (2001) - Interprétation ; CERCLE DES PASSIONS (1983) - Interprétation ; HIROSHIMA : OUT OF THE ASHES () - Interprétation ; LINUS PAULING : FROM THE BOMB TO VITAMIN C () - Narrateur ; GERHARD HERZBERG : PURE SCIENCE MAY SAVE THE AIR WE BREATHE () - Narrateur ; WILLY BRANDT - GERMANY : NOBEL PRIZE WINNER IN PEACE - 1971 () - Narrateur ; EMOTIONAL ARITHMETIC (2007) - Interprétation,Q203215
105766,Larry,Baker,,"SONG FOR AFRICA () - Mixage ; TO HELL WITH MANNERS! : THE DECLINE OF CIVILITY () - Conception sonore, Mixage ; FLY ME TO THE MOON : FATEFUL ATTRACTION () - Conception sonore, Mixage ; AFTER ELIZABETH II : MONARCHY IN PERIL () - Conception sonore, Mixage ; CHASING THE ROYALS : THE MEDIA & THE MONARCHY () - Conception sonore, Mixage",NA
140477,Claudia,Gama,Réalisatrice,À CONTRE-MARÉE () - Scénario,NA
93363,François,Rotger,,PASSENGER (2006) - Scénario,Q5493396
49824,Jean-Marc,Michel,,TERRES NOUVELLES () - Prise de son,NA
72155,Philippe,Vaucher,,PUITS / THE WELL () - Scénario ; ROSE & VIOLET (2011) - Animation,Q49823176
12265,John,Kozak,,"HELL BENT (1994) - Scénario ; CELESTIAL MATTER (1987) - Montage images, Producteur, Scénario",NA
28979,Jean,Chartier,,"GRANDE RIVIÈRE DE LA BALEINE (1990) - Interprétation ; TERRE DE NOS ENFANTS (1990) - Images, Montage images",NA
37211,René,Sarazin,,"CHEVALIER DE PARDAILLAN (1962) - Prise de son ; UN DRÔLE DE PAROISSIEN (1963) - Prise de son ; CAÏD (1960) - Prise de son ; PANIER À CRABES (1960) - Prise de son ; VOYAGE EXTRAORDINAIRE () - Prise de son ; JEUNE MORTE (1966) - Prise de son ; RENDEZ-VOUS DU DIABLE (1958) - Prise de son ; TROIS MOUSQUETAIRES. II, LA VENGEANCE DE MILADY (1961) - Prise de son ; PAPA, MAMAN, LA BONNE ET MOI... (1954) - Prise de son ; PARIS CANAILLE (1955) - Prise de son ; TYPHON SUR NAGASAKI (1956) - Prise de son",NA
116707,Héloïse,Hébert,,SUCRÉ SALÉ [Saison 06] () - Recherche ; SUCRÉ SALÉ [Saison 07] () - Recherche ; SUCRÉ SALÉ [Saison 08] () - Recherche,NA
49495,Jean-Jacques,Flori,,"CHANT DU DÉPART (1975) - Images ; MAÎTRE NAGEUR (1979) - Images ; BERGERS AU CAUCASE (1978) - Images ; GLAMOUR (1984) - Images ; BANDE DU REX (1980) - Images ; CHANSON DE ROLAND (1978) - Images ; DANSE DU CHEVAL ANDALOU (1978) - Images ; CAVALIERS DE LA POUDRE (1978) - Images, Producteur ; SUMBA : L'ÎLE AUX CHEVAUX (1978) - Images ; NOSSI MALAGASY, L'ÎLE MALGACHE (1965) - Images",NA
38457,Nedeljko,Dragic,,"KROTITELJ DIVLJIH KONJA (1966) - Animation ; MAN THE POLLUTER (1973) - Animation ; PER ASPERA AD ASTRA () - Animation ; STRIPTEASE (1970) - Animation, Générique additionnel",Q1973939
72545,Steve,Smith,,RED GREEN SHOW () - Interprétation ; P.K. SUBBAN SKATE PAST THE NOISE - SPECIAL EDITION () - Prise de son ; P.K. SUBBAN PATINER DROIT DEVANT - ÉDITION SPÉCIALE () - Prise de son ; P.K. SUBBAN SKATE PAST THE NOISE - THE OFF-SEASON () - Prise de son ; P.K. SUBBAN PATINER DROIT DEVANT - ENTRE DEUX SAISONS () - Prise de son,Q3499112
75227,Jennifer,Buchanan,,BISIRAQUE (1977) - Images,NA
146070,,"Breastfeeders, Les",Groupe musical québécois,"MINI JUPE ET WATUSI () - Interprète musique, Participant ; OSTROGOTH-À-GOGO () - Interprète musique, Participant",Q428135
43127,Walter,Hannemann,,LOST IN THE STARS (1974) - Montage images ; REVENGERS (1972) - Montage images ; CONDOR (1970) - Montage images ; AL CAPONE (1959) - Montage images,Q2544628
124413,John,Bolanakis,,BELLE AU VERRE DE LAIT (2009) - Mixage,NA
29736,Odoardo,Spadaro,,CARROSSE D'OR (1953) - Interprétation,Q3880940
93556,Nick,Dodet,,"NORIEGA, GOD'S FAVORITE () - Assistant réalisation",NA
43410,Virna,Lisi,,"CIGALA (1980) - Interprétation ; GALETS D'ÉTRETAT (1972) - Interprétation ; BONNES CAUSES (1963) - Interprétation ; ARBRE DE NOËL (1969) - Interprétation ; EVA (1962) - Interprétation ; BARBE-BLEUE (1972) - Interprétation ; ERNESTO (1979) - Interprétation ; JENSEITS VON GUT UND BOSE (1977) - Interprétation ; DICIOTTENNI (1955) - Interprétation ; SOUS LES GRIFFES DU TYRAN (1958) - Interprétation ; VITE PERDUTE (1958) - Interprétation ; AL DI LÀ' DEL BENE E DEL MALE (1977) - Interprétation ; REINE MARGOT (1994) - Interprétation ; NOT WITH MY WIFE, YOU DON'T! (1966) - Interprétation",Q106627
32096,Mair,Javares,,BYE BYE BRASIL (1979) - Montage images,NA
121187,Brigitte,Charnier,,TANT QU'IL RESTE UNE VOIX () - Participant,NA
21065,John,Hann-Campbell,,BATTLE OF THE BANDS () - Montage images,NA
11535,Kerwin,Mathews,,JACK THE GIANT KILLER (1961) - Interprétation ; 7th VOYAGE OF SINBAD (1958) - Interprétation ; UN KILLER PER SUA MAESTA (1968) - Interprétation,Q1739736
29769,David,Donnelly,,LAST OF THE BLUE DEVILS (1979) - Images,NA
36197,Lisbeth,Persson,,PREMIÈRE NUIT (1958) - Interprétation,NA
121311,Chantal,Dauphinais,,"CRUISING BAR 2 (2008) - Interprétation ; PICK-UP () - Générique additionnel, Participant",NA
141686,Jim,Mansen,"Compositeur, preneur de son",SPORT OF THE CENTURY (1976) - Prise de son,NA
122079,Liette,Hunziker,,APPRENTIS DU REBUT GLOBAL () - Participant,NA
14329,Yutaro,Ban,,GAKI ZOSHI (1973) - Interprétation,NA
74416,Jean-Pierre,Labonté,Comédien,CHRONIQUES LABRADORIENNES (1967) - Interprétation,NA
118560,Catherine,Vallade-Aubrac,,LUCIE DE TOUS LES TEMPS () - Participant,NA
76597,Richard,Edson,Compositeur,CHIEN DE LUIS ET SALVADOR (1984) - Musique ; FICTION (1985) - Musique,Q1377218
127531,Katrin,Richter,,KALT IST DER ABENDHAUCH (2000) - Scénario,NA
97523,Maria,Parisella,,THREE MARIAS (1993) - Participant,NA
46373,Harry,Riebauer,,WÜRGER VON SCHLOSS BLACKMOOR (1963) - Interprétation ; ARRIVISTES (1960) - Interprétation,Q107850
14930,Elisabeth,Wiener,,"TROP JOLIES POUR ÊTRE HONNÊTES (1972) - Interprétation ; AU LONG DE LA RIVIÈRE FANGO (1975) - Interprétation, Musique ; CHANT DU DÉPART (1975) - Musique ; ARDOISE (1969) - Interprétation ; PRISONNIÈRE (1968) - Interprétation",Q3129225
94853,Christian,Doucet,,CE SOIR () - Animateur d'émission,NA
91672,Anne,Mills,,"DEUX FEMMES, DU SABLE ET DES KILOMÈTRES () - Participant",NA
15333,François,Dupire,,"MANÈGE (1993) - Montage sonore ; EMBRASSE-MOI, C'EST POUR LA VIE () - Montage sonore ; PUDDING CHÔMEUR (1996) - Montage sonore ; TIPOLIS () - Prise de son ; 14 DÉFINITIONS DE LA PLUIE (1993) - Montage sonore ; POLOCK () - Montage sonore ; BANDES-HOMMAGES : 100 ANS DE CINÉMA (1995) - Montage sonore",NA
124437,Steve,Bolton,,SPÉCIAL COULISSES 2008 () - Participant,NA
143318,,Tao Jiang,Producteur,WUSHU WARRIOR (2010) - Producteur exécutif,NA
95000,Marie-Claude,Gosselin,,RESCAPÉS [01] () - Direction artistique ; RESCAPÉS [02] () - Direction artistique ; UN SUR 2 [Saison 01] () - Direction artistique ; 1:54 (2016) - Direction artistique ; POLOCK () - Décors ; HAUTS ET LES BAS DE SOPHIE PAQUIN [02] () - Décors ; SOPHIE [01] () - Décors ; NOS ÉTÉS [04] () - Décors ; HAUTS ET LES BAS DE SOPHIE PAQUIN [03] () - Décors ; SOPHIE [02] () - Décors ; AVEUX () - Décors ; RESCAPÉS () - Direction artistique ; HAUTS ET LES BAS DE SOPHIE PAQUIN [04] () - Décors ; PENTHOUSE 5-0 () - Direction artistique,NA
33063,Tom,Johnson,,OUT TO PUNCH (1956) - Animation ; GULLIVER'S TRAVELS (1939) - Animation ; PRIVATE EYE POPEYE (1954) - Animation ; BEACH PEACH (1950) - Animation ; TOREADORABLE (1953) - Animation ; POPEYE'S MIRTHDAY (1953) - Animation ; COOKIN' WITH GAGS (1955) - Animation ; DOUBLE-CROSS-COUNTRY RACE (1951) - Animation ; WOLF IN SHEIK'S CLOTHING (1948) - Animation ; ROBIN HOOD-WINKED (1948) - Animation ; PENNY ANTICS (1955) - Animation ; GIFT OF GAG (1955) - Animation ; OLIVE OYL FOR PRESIDENT (1948) - Animation ; STEALIN AINT HONEST (1940) - Animation ; SPREE LUNCH (1957) - Animation ; PATRIOTIC POPEYE (1957) - Animation ; SPOOKY SWABS (1957) - Animation ; NEARLYWEDS (1957) - Animation ; I DON'T SCARE (1956) - Animation ; VACATION WITH PLAY (1951) - Animation ; QUICK ON THE VIGOR (1950) - Animation ; ME MUSICAL NEPHEWS (1942) - Animation ; DOING IMPOSSIKIBLE STUNTS (1940) - Animation ; BIG BAD SINDBAD (1952) - Animation ; CHILD SOCKOLOGY (1953) - Animation ; TOTS OF FUN (1952) - Animation ; RIOT IN RHYTHM (1950) - Animation ; BARKING DOGS DON'T FITE (1949) - Animation ; FARMER AND THE BELLE (1950) - Animation ; HOW GREEN IS MY SPINACH (1950) - Animation ; SCRAP THE JAPS (1942) - Animation ; WOTTA KNIGHT (1947) - Animation ; POPEYE FOR PRESIDENT (1956) - Animation ; POPEYE MAKES A MOVIE (1950) - Animation ; POPALONG POPEYE (1952) - Animation ; BRIDE AND GLOOM (1954) - Animation ; HILL-BILLING AND COOING (1956) - Animation ; SILLY HILLBILLY (1949) - Animation ; SAFARI SO GOOD (1947) - Animation ; COPS IS TOPS (1955) - Animation ; TAXI-TURVY (1954) - Animation ; PUNCH AND JUDO (1951) - Animation ; FIREMEN'S BRAWL (1953) - Animation,Q66756262
36768,,Bienvenida,,COURSE DE TAUREAUX (1951) - Interprétation,NA
83397,Bernard,Monette,,CINÉMA AU QUÉBEC () - Générique additionnel,NA
146460,Raphaëlle,Standell-Preston,Musicienne,FROM MONTREAL () - Participant,Q19571930
13843,,Mouffe,,"OÙ ÊTES-VOUS DONC? (1970) - Interprétation ; À SOIR ON FAIT PEUR AU MONDE (1969) - Participant ; DEUX FEMMES EN OR (1970) - Musique ; IL NE FAUT PAS MOURIR POUR ÇA (1967) - Interprétation ; GRANDES VACANCES () - Direction artistique, Scénario ; JEAN LAPOINTE - LES SENTIERS DE MA VIE () - Scénario ; GALAS JUSTE POUR RIRE 2007 () - Générique additionnel ; GALA BIEN CUIT DODO () - Générique additionnel ; CHAPEAU Mr. COHEN () - Générique additionnel ; LEONARD COHEN : EVERYBODY KNOWS () - Générique additionnel ; CHARLEBOIS (1975) - Interprétation",Q2978495
97597,Joseph,Marchand,,UNE VIE SANS SEXE () - Musique,Q65115383
16330,Judith,Crawley,"Réalisatrice, productrice, scénariste canadienne","MOUVEMENT / MOTION (1967) - Scénario ; MAN WHO SKIED DOWN EVEREST (1975) - Narration ; LOON'S NECKLACE (1948) - Montage images, Narration ; CITÉ DE NOTRE-DAME (1942) - Montage images ; FROM TEN TO TWELVE (1956) - Producteur ; ÎLE D'ORLÉANS (1938) - Images, Montage images, Montage sonore ; LEGEND OF THE RAVEN (1957) - Producteur ; OTTAWA ON THE RIVER (1941) - Montage images, Participant ; OTTAWA : REFLECTION OF A NATION (1967) - Scénario ; TERRIBLE TWOS AND THE TRUSTING THREES (1951) - Producteur ; SAGUENAY (1960) - Scénario ; TO SENSE THE WONDER (1984) - Scénario ; AT YOUR FINGERTIPS (1961) - Scénario ; FRUSTRATING FOURS AND FASCINATING FIVES (1953) - Producteur ; FOOD CONNECTION (1979) - Producteur ; KNOW YOUR BABY (1947) - Interprétation, Montage images, Producteur, Scénario",Q3187989
80213,M.,Laganière,,GENS DE PLAISIR () - Participant,NA
72150,Michel,Berthiaume,Québec Audiovisuel,OISEAUX NE MEURENT PAS DE FAIM (1979) - Scénario ; DANIEL LAMARRE () - Scénario,NA
116123,Lewis,Black,,MEGA STARS () - Participant,Q180252
6292,,Chen Yuan Tao,,TOMMY TRICKER AND THE STAMP TRAVELLER (1988) - Interprétation,NA
131627,Carlina,Torta,,LADRI DI SAPONETTE (1989) - Interprétation,Q87191193
152123,Yves,Lapierre,"Compositeur, chanteur, musicien québécois",CHER MONSIEUR L'AVIATEUR (1984) - Musique ; MUSTANG (1975) - Musique ; OR ET LE PAPIER [01] () - Musique ; JAMAIS DEUX SANS TOI () - Musique ; DING ET DONG LE FILM (1990) - Musique ; RADIO QUÉBEC. BALLONS 1 (1979) - Musique ; RADIO QUÉBEC. BALLONS BLANCS ET BALLONS ROUGES (1980) - Musique ; SLOT MACHINE (1980) - Musique ; OR ET LE PAPIER [02] () - Musique ; OR ET LE PAPIER () - Musique ; BONNE AVENTURE () - Musique,Q3573758
7293,Irina,Kircher,,PEQUEÑA REVANCHA (1986) - Musique,Q1672654
23304,Yuji,Okumara,,HATSUKOI JIGOKUHEN (1968) - Images,NA
92819,Louise,Dupérée,,AU FIL DE LA SEMAINE () - Animateur d'émission,NA
152949,Jakobe',Dempsey,Comédien,CHANGE OF PLANS () - Interprétation,NA
19545,Richard,Williams,,EVERY HOME SHOULD HAVE ONE (1970) - Animation ; THINK DIRTY (1970) - Animation ; EVER-CHANGING MOTOR CAR () - Scénario ; RICHARD WILLIAMS : WHO FRAMED ROGER RABBIT? : INTERVIEW () - Participant,Q1999598
77564,Marie-France,Blais,,ON DOIT DÉMÉNAGER (1975) - Interprétation,NA
140638,Margery,Williams,Auteure anglo-américaine,Velveteen Rabbit (1982) - Source originale,Q948301
57224,Diana,Barrows,,MY MOM' S A WEREWOLF (1989) - Interprétation,Q9206992
34475,Henri,Blondeau,,"PARLEZ-NOUS D'AMOUR (1976) - Prise de son ; ARRACHE-COEUR (1979) - Prise de son ; PANIQUE (1977) - Prise de son ; CHER MONSIEUR L'AVIATEUR (1984) - Prise de son ; D'ABORD MÉNAGÈRES (1978) - Mixage ; HOMME DE MA VIE (1992) - Prise de son ; FANTASTICA (1980) - Prise de son ; Ô PICASSO (1985) - Prise de son ; T'ES BELLE, JEANNE () - Prise de son ; LIES MY FATHER TOLD ME (1975) - Prise de son ; ÉCLAIR AU CHOCOLAT (1979) - Mixage, Prise de son ; AVENTURES D'UNE JEUNE VEUVE (1974) - Prise de son ; ENTREPRISE DE TOUTE UNE VIE (1973) - Prise de son ; NOTES DE LA VIE (1973) - Prise de son ; PIERRE À COTON (1978) - Prise de son ; OLIVIERS DE LA JUSTICE (1961) - Prise de son ; PRINCE LAZURE (1992) - Prise de son ; BEAU RÔLE () - Mixage ; LÈVE-TÔT () - Mixage ; MANIGANCE () - Mixage ; CHEVAUX ONT-ILS DES AILES? (1975) - Prise de son ; ALICE AU PAYS DES MERGUEZ (1990) - Prise de son ; CHILD UNDER A LEAF (1974) - Prise de son ; AU REVOIR... À LUNDI (1979) - Prise de son ; IN PRAISE OF OLDER WOMEN (1978) - Prise de son ; BLACKOUT (1978) - Prise de son ; DESTINATION : HOSPITALITÉ (1975) - Prise de son ; FABIENNE (1976) - Prise de son ; ON A MARCHÉ SUR LA LUNE (1991) - Prise de son ; TOUT FEU, TOUT FEMME (1975) - Prise de son ; UNE AURORE BORÉALE () - Mixage ; BEAU BEC DU QUÉBEC (1978) - Prise de son ; HISTOIRE DES MOUVEMENTS DE JEUNESSE AU QUÉBEC () - Prise de son ; FEMME DE L'HÔTEL (1984) - Mixage ; SIR FREDERIC BANTING 1891-1941 () - Prise de son ; RAPPELLE-TOI (1975) - Prise de son ; DUNCAN HINES (1980) - Prise de son ; VRAIE NATURE DE BERNADETTE (1972) - Prise de son ; B.M.R. : COUP DE MAIN () - Prise de son ; IVORY () - Prise de son ; ASSOCIATION ÉTUDIANTE (1978) - Prise de son ; BONS DÉBARRAS (1980) - Prise de son ; UN MINISTÈRE... À VOTRE SERVICE"" (1970) - Prise de son ; TÊTE DE NORMANDE ST-ONGE (1975) - Prise de son ; MARIA CHAPDELAINE (1983) - Mixage ; ANGE ET LA FEMME (1977) - Prise de son ; ANGE GARDIEN (1978) - Prise de son ; BINGO (1974) - Prise de son ; KRAFT. LE P'TIT QUÉBEC () - Prise de son ; SAVON LUX (1975) - Prise de son ; CLOSE-UP. SOURIRE (1975) - Prise de son ; MORT D'UN BÛCHERON (1973) - Prise de son ; CORPS CÉLESTES (1973) - Prise de son ; SUPER SANS PLOMB () - Prise de son ; ZIGZAGS () - Mixage ; AUX FRONTIÈRES DU POSSIBLE () - Prise de son ; MARIA CHAPDELAINE () - Mixage ; AIR CANADA. BARBADE () - Conception sonore",Q23055589
2157,Virginia,Spicer,,KASSE-KROÛTE (1975) - Musique,NA
143192,,Millimetrik,Musicien québécois,GODTHAB DANS MA TÊTE (2004) - Musique,Q3314344
109716,Jean,Namur,,PIERRE TEILHARD DE CHARDIN () - Producteur,NA
116815,Lina,Renald,,UN COIN DU CIEL () - Participant,NA
6672,Marie,Liljedahl,,EUGENIE (1970) - Interprétation ; JAG - EN OSKULD (1968) - Interprétation,Q453900
80648,,Valéri,,"QUICONQUE MEURT, MEURT À DOULEUR (1998) - Interprétation",NA
83479,Ysengourd,Knorth,,INFONIE INACHEVÉE... (1974) - Participant,NA
75952,Louis,O'Neil,so : films,LOISIRS (1962) - Interprétation ; CÉRÉMONIE DE REMISE DU PRIX DUVERNAY 1977 À GASTON MIRON () - Participant ; SHERBROOKE REINE DES CANTONS DE L'EST (1950) - Narration ; MONTRÉAL. FESTIVAL DES FILMS DU MONDE. 1979 (1979) - Participant,NA
17953,Olga,Pouchine,,CHEZ LA FÉE CARABOSSE () - Source originale ; COLARGOL SUR LA LUNE () - Source originale ; COLARGOL ET LA MUSIQUE () - Scénario ; AVENTURES DE COLARGOL () - Source originale ; COLARGOL : UN MATIN À BOIS-JOLI () - Source originale,NA
109539,Christian,Cardenti,,BOURGUIBA () - Montage images,NA
31162,Charles Henri,Hirsch,,UNE BELLE GARCE (1947) - Source originale,NA
86474,Marthe,Comeau,,IL ÉTAIT UNE GUERRE () - Scripte,NA
45924,Claude,Giresse,,POURQUOI LA SNCF ÉLECTRIFIE () - Images ; FRANCE VACANCES (1979) - Images,NA
85172,Donna,Lytle,Musicienne et actrice canadienne,GREY'S LULLABY (1984) - Musique ; INDIFFÉRENT... (1979) - Musique,NA
71392,John,Barnes,,WILLIAM SHAKESPEARE (1955) - Producteur,Q22937058
127815,Florence,Gascon,,ÉCOUTE! (2006) - Photographe de plateau,NA
42991,Rudolph,Maté,,PASSION DE JEANNE D'ARC (1928) - Images ; BLOCKADE (1938) - Images ; GILDA (1946) - Images ; VAMPYR (1932) - Images ; FOREIGN CORRESPONDENT (1940) - Images ; LILIOM (1934) - Images ; OUR RELATIONS (1936) - Images,Q1668173
8930,Fernand,Martel,,MOTHERS AND DAUGHTERS (1992) - Musique ; LAST STRAW (1987) - Musique,Q56247892
93706,Marie-Josée,Leroux,,"EMBRASSE-MOI, C'EST POUR LA VIE () - Assistant réalisation",NA
27862,Alice,Guy-Blaché,,HIS MOTHER'S HYMN (1911) - Producteur ; GREATER LOVE HATH NO MAN (1911) - Producteur,Q263367
402,Patrick,Chesnais,,FEMMES DE PERSONNE (1984) - Interprétation ; SACRIFIÉS (1983) - Interprétation ; OEIL DU MAÎTRE (1980) - Interprétation ; AUTRICHIENNE (1990) - Interprétation ; PROMOTION CANAPÉ (1990) - Interprétation ; CIGOGNES N'EN FONT QU'À LEUR TÊTE (1989) - Interprétation ; OH! OH! SATAN! (1988) - Interprétation ; NEIGE (1981) - Interprétation ; MONSIEUR ALBERT (1976) - Interprétation,Q6292322
78474,Erin,Daniels,,HOUSE OF 1000 CORPSES (2003) - Interprétation ; DEVIL'S REJECTS (2006) - Interprétation,Q237259
3289,Antonio,Valero,,ANGELITO (1960) - Musique ; SAETA DEL RUISEÑOR (1957) - Musique,NA
71638,Chhim,Naline,,NEAK SRÊ (1994) - Interprétation,NA
97902,Alexandre,Flamand,,"TAKWAKIN, L'AUTOMNE () - Participant",NA
116065,Albertine,Turbis,,TIENS FERME (2007) - Participant,NA
14616,Douglas,Leechman,,LOON'S NECKLACE (1948) - Scénario,NA
8048,Alain,Resnais,Réalisateur français,AN 01 (1973) - Générique additionnel ; GUERNICA (1950) - Montage images ; BROADWAY BY LIGHT (1958) - Générique additionnel ; PAUL GAUGUIN (1950) - Montage images ; TOUTE LA MÉMOIRE DU MONDE (1956) - Montage images ; PARIS 1900 (1947) - Assistant réalisation ; POINTE COURTE (1956) - Montage images,Q218022
51457,Bill,Davies,,"OSHAWA KID (1969) - Narration ; HIBOU ET LE LEMMING : UNE LÉGENDE ESKIMO (1971) - Scénario ; 80 GOES TO SPARTA (1969) - Scénario ; INDIA TRIP (1971) - Scénario ; SQUAREJOHNS (1966) - Scénario ; TERRA NOVA (1964) - Narration, Scénario ; BENOÎT (1965) - Scénario",NA
34688,Michel,Bernier,Cadreur,QUÉBEC + (1983) - Images ; SONATINE (1984) - Images,NA
56927,Jean-Claude,Douley,,BINO FABULE () - Prise de son,NA
71874,Paul-Marie,Lapointe,,CHAT DANS LE SAC (1964) - Interprétation ; NUIT DE LA POÉSIE 15 MARS 1991 (1992) - Participant,Q3370352
92419,Andy,Bowley,,ARMY OF ONE (2003) - Images,NA
7577,Brian,Avery,,"DAD'S HOUSE, MOM'S HOUSE (1985) - Prise de son ; FINAL OFFER (1985) - Prise de son ; TWIST (1989) - Prise de son ; TERRE, PATRIE DE L'HOMME / THE EARTH IS MAN'S HOME (1967) - Images, Montage sonore ; TAKING THE LEAP (1982) - Prise de son",NA
25057,Oscar,Soria,,YAWAR MALLKU (1969) - Scénario ; UKAMAU (1966) - Source originale,Q6174949
101612,Chantal,Castelli,,SABLES MOUVANTS (1995) - Costumes,NA
10249,Ann Marie,Fleming,Cinéaste d'animation d'origine japonaise,"I WAS A CHILD OF HOLOCAUST SURVIVORS (2010) - Scénario ; NEW SHOES (1990) - Interprétation, Montage images, Producteur, Scénario ; MAN (1991) - Générique additionnel ; NEW MAN (1992) - Générique additionnel ; AMF'S TIRESIAS (1998) - Participant ; AUTOMATIC WRITING (1996) - Interprétation, Montage images, Scénario",Q4766545
95114,Naalak,Nappaaluk,,SI LE TEMPS LE PERMET (2003) - Participant,NA
155227,Philippe,Casgrain,caméraman,CHEMIN DU NORD (1991) - Images,NA
118741,Charles,Trinque,,"LEAVE ME ALONE () - Images ; STAR, CE PRODUIT MARKETING () - Montage images ; CINÉRAMA () - Images, Montage images ; CULTURE DU X [Saison 02] () - Images",NA
128180,David,Kiess,,ROOMER (1983) - Prise de son,NA
26552,Martha,Farré,,ELEFANTE Y LA BICICLETA (1994) - Interprétation,NA
33351,Lorella,De Luca,,ORLANDO E I PALADINI DI FRANCIA (1956) - Interprétation,Q476080
151620,Patrick,Metzger,Participant au documentaire NEVERBLOOMER :THE SEARCH FOR GROWNUPHOOD,NEVERBLOOMER :THE SEARCH FOR GROWNUPHOOD () - Participant,NA
120712,J.,Booth Scott,"Caméraman, monteur, réalisateur canadien",DOWN NORTH (1921) - Images,NA
148083,Eugène Roger,Hallée,,UN RÊVE AMÉRICAIN () - Participant,NA
99658,Valintin,Debau,,SECOND STORY MAN (1981) - Interprétation,NA
10838,Christea,Avram,,MANON 70 (1968) - Interprétation,NA
105813,Sébastien,Chabot,,"GARDENER (2016) - Producteur, Scénario",Q3510005
1813,Lauri,Hendler,,FAMILY OF STRANGERS (1980) - Interprétation,Q3219630
29414,Nardo,Castillo,Réalisateur et producteur québécois,"SUR LES TRACES D'ARTHUR (2015) - Participant ; UN ENFANT COMME LES AUTRES... (1972) - Scénario ; MILLE MERVEILLES DE L'UNIVERS (1997) - Producteur ; MANUEL : LE FILS EMPRUNTÉ (1990) - Générique additionnel, Producteur ; VENT DU WYOMING (1994) - Producteur ; BLACK MIRROR (1981) - Producteur",Q65040162
145823,Brian,Finley,Cadreur,BELLE ET LA BÊTE : OUVERTURE () - Images,NA
95538,Odette,Orr,,SAYS (1992) - Interprétation,NA
13555,Frédéric,Compain,,RÉSIDENCE SURVEILLÉE (1986) - Source originale,Q3089720
147844,Elda,Martinez,Comédienne,NEUVIÈME JOUR DE LA CRÉATION () - Interprétation,NA
93878,Omar,Falcon,,TAG () - Interprétation,NA
54352,Carmen,Machado,,MYSTÈRE SUR MA ROUTE (1952) - Interprétation,NA
119833,Francine,Chevrier,,QUÉBEC DE JEAN-CLAUDE () - Participant,NA
99782,Alexandre,Laferrière,Scénariste,"ROUGE AU SOL (2005) - Scénario ; GROS BOUTTE DU BÂTON (2005) - Interprétation, Scénario ; DEMAIN (2008) - Scénario ; JOURS (2006) - Scénario ; PROJET 3 (2002) - Interprétation ; JO POUR JONATHAN (2010) - Scénario",Q19629709
11524,Wilfried,Scheil,,MISSA IN C-DUR KRÖNUNGSMESSE () - Producteur,NA
83883,Edward,Asner,,REAL STORY OF HAPPY BIRTHDAY TO YOU (1992) - Interprétation,Q154421
111965,Éric,Ladouceur,,"GARDE DU CORPS () - Mixage ; NON, JE NE VEUX PAS D'ENFANTS! () - Mixage ; KABOUM! [Saison 01] () - Mixage ; ANNIE ET SES HOMMES [05] () - Mixage ; PETIT MONDE DE LAURA CADIEUX [03] () - Mixage ; KABOUM! [Saison 02] () - Mixage ; MARINA () - Mixage ; MOM ET MOI () - Mixage",NA
26810,Amitabh,Bachchan,"FIAF : Bachan, Amitabh",LAAWARIS (1981) - Interprétation,Q9570
91809,Monique,Lafond,,GISELLE (1981) - Interprétation,Q10331850
82574,Gilbert,Rozon,,"JUSTE POUR RIRE EN DIRECT 2012 () - Producteur délégué ; ÉVÉNEMENT JEAN-MARC PARENT 2012 () - Producteur exécutif ; JUSTE POUR SAGUENAY () - Producteur exécutif ; RÉFORME NANTEL () - Producteur exécutif ; JFL XXX : THE ULTIMATE NASTY SHOW () - Producteur exécutif ; GALA DU 30e () - Producteur exécutif ; HOWIE MANDEL AND GERM-FREE FRIENDS () - Producteur exécutif ; AMERICAN DREAM? () - Producteur exécutif ; JUSTE POUR RIRE EN DIRECT 2013 () - Producteur délégué ; SELON L'OPINION COMIQUE [Saison 01, saison 02] () - Producteur délégué ; ALL ACCESS 2012 () - Producteur délégué ; FUNNY AS HELL 2012 () - Producteur délégué ; SELON L'OPINION COMIQUE [Saison 03] () - Producteur délégué ; ÉVÉNEMENT JEAN-MARC PARENT 2013 () - Producteur exécutif ; EDDY KING () - Producteur exécutif ; KRISTIN CHENOWETH'S GALA 2013 () - Producteur exécutif ; KATHY GRIFFIN'S GALA 2013 () - Producteur exécutif ; JOAN RIVER'S GALA 2013 () - Producteur exécutif ; EDDIE IZZARD'S GALA 2013 () - Producteur exécutif ; HOMMAGE À GILLES LATULIPPE () - Producteur exécutif ; HOMMAGE À JEAN-MARC PARENT () - Participant, Producteur exécutif ; JUSTE POUR RIRE EN DIRECT 2014 () - Producteur exécutif ; AUDITIONS JUSTE POUR RIRE 2014 () - Producteur exécutif ; FUNNY AS HELL 2013 () - Producteur délégué ; OBSESSIONS DES QUÉBÉCOIS () - Producteur exécutif ; ALL ACCESS 2013 () - Producteur délégué ; JUSTE POUR RIRE DE LAVAL () - Producteur exécutif ; JUSTE POUR RIRE DE L'ABITIBI () - Producteur exécutif ; SPECTACLE ANDRÉ SAUVÉ () - Producteur exécutif ; TÊTES DE TURC DES QUÉBÉCOIS () - Producteur exécutif ; MEGA STARS OF COMEDY () - Producteur exécutif ; FUNNY AS HELL 2014 () - Producteur délégué ; ALL ACCESS 2014 () - Producteur délégué ; RUSSEL PETERS () - Producteur exécutif ; DON RICKLES () - Producteur exécutif ; JIM GAFFIGAN () - Producteur exécutif ; CHEVY CHASE AND FRIENDS () - Producteur exécutif ; ÉVÉNEMENT JEAN-MARC PARENT 2014 () - Producteur exécutif ; JEAN-MARC PARENT - TORTURE () - Producteur exécutif ; BULLET IN THE FACE () - Producteur exécutif ; JUSTE POUR RIRE EN DIRECT 2015 () - Producteur exécutif ; ALL ACCESS 2015 () - Producteur délégué ; SELON L'OPINION COMIQUE [Saison 04] () - Producteur délégué ; JANE LYNCH : TALL, BLOND AND HANDSOME () - Producteur exécutif ; WANDA SYKES : BETTER LOOKING AND STYLISH () - Producteur exécutif ; SIR PATRICK STEWART : A KNIGHT OF COMEDY () - Producteur exécutif ; ALAN CUMMING : GREAT SCOT () - Producteur exécutif ; FUNNY AS HELL 2016 () - Producteur délégué ; JUSTE POUR RIRE EN DIRECT 2016 () - Producteur exécutif ; HOWIE MANDEL ALL STAR COMEDY GALA () - Producteur ; GALA INCROYABLE : GILBERT ROZON () - Participant ; ENFIN : MAXIM MARTIN () - Producteur exécutif ; RECHARGÉ : RACHID BADOURI () - Producteur exécutif ; P.K. SUBBAN : SHOTS FIRED () - Producteur exécutif ; JEFF GOLDBLUM : BASIC BRO () - Producteur exécutif ; MEGA STARS () - Producteur exécutif ; NATHAN LANE : SHOWSTOPPER () - Producteur exécutif ; ALL ACCESS 2016 () - Producteur délégué ; JUSTE POUR RIRE EN DIRECT 2017 () - Producteur exécutif ; FLORIDE DE JMP () - Producteur exécutif ; LNI : 40 ANS D'IMPROVISATION () - Producteur exécutif ; 15 SECONDES (2000) - Producteur ; COMICOGRAPHIES [02] () - Producteur ; STÉPHANE ROUSSEAU () - Producteur délégué ; FRANÇOIS MORENCY () - Producteur délégué ; LAURENT PAQUIN () - Producteur délégué ; GALA HOMMAGE À JEAN LAPOINTE () - Producteur délégué ; GRANDES ENTREVUES () - Producteur délégué ; GALAS JUSTE POUR RIRE 2006 () - Producteur délégué ; SPÉCIAL COULISSES 2006 () - Participant, Producteur délégué ; MONDIAL D'IMPRO JUSTE POUR RIRE 2006 () - Producteur délégué ; JUST FOR LAUGHS 2006 () - Producteur délégué ; GALAS JUSTE POUR RIRE 2007 () - Producteur délégué ; GALA BIEN CUIT DODO () - Participant, Producteur délégué ; JUSTE POUR RIRE EN DIRECT 2006 () - Producteur délégué ; JUSTE POUR RIRE EN DIRECT 2007 () - Producteur délégué ; SHOW RAISONNABLE () - Producteur délégué ; JUSTE POUR RIRE SPÉCIAL 25 ANS () - Producteur délégué ; GRANDES ENTREVUES 2007 () - Producteur délégué ; JUST FOR LAUGHS 2007 () - Producteur délégué ; SPÉCIAL COULISSES 2005 () - Participant, Producteur délégué ; JUST FOR LAUGHS GAGS [07] () - Producteur délégué ; JUST FOR LAUGHS GAGS [06] () - Producteur délégué ; JUSTE POUR RIRE LES GAGS [08] () - Producteur délégué ; LAURENT PAQUIN : PREMIÈRE IMPRESSION () - Producteur délégué ; JULIE CARON : UNE VRAIE FILLE, C'EST MOI ÇA () - Producteur délégué ; GUY NANTEL : LES VRAIES AFFAIRES () - Producteur délégué ; DENIS DROLET : AU PAYS DES DENIS () - Producteur délégué ; NASTY SHOW 2006 () - Producteur ; PETIT GALA DE L'ACTUALITÉ 2006 () - Producteur ; CHEZ MAX : MAXIM MARTIN () - Producteur ; LISE DION : 20 ANS DE CARRIÈRE () - Participant ; RÉAL BÉLAND () - Producteur délégué ; CLAUDINE MERCIER () - Producteur délégué ; JEAN-MARC PARENT () - Producteur délégué ; SPÉCIAL COULISSES 2007 () - Participant, Producteur délégué ; GALA MEILLEURS MOMENTS 2 () - Participant, Producteur délégué ; INCROYABLE TALENT () - Animateur d'émission ; JUSTE POUR RIRE EN DIRECT 2008 () - Producteur délégué ; AUDITIONS JUSTE POUR RIRE 2008 () - Producteur délégué ; ROUSSEAU MONTRÉAL-PARIS () - Participant, Producteur délégué ; GALA FLORENCE FORESTI () - Producteur délégué ; MEILLEUR DES GALAS DE A À Z () - Producteur délégué ; GALA RACHID BADOURI () - Producteur délégué ; SPÉCIAL COULISSES 2008 () - Participant, Producteur délégué ; GALA LAURENT PAQUIN 2008 () - Producteur délégué ; GALA MULTI-ANIMATEURS 2008 () - Producteur délégué ; GALA JUSTE POUR RIRE ENCORE 2008 () - Producteur délégué ; GALA GUY NANTEL 2008 () - Producteur délégué ; GALA WARD ET GROULX () - Producteur délégué ; GALA LES MEILLEURS MOMENTS 1 () - Producteur délégué ; ROCK ET ROLLAND () - Producteur délégué ; TOUT EST RELATIF () - Producteur délégué ; MONDIAL D'IMPRO JUSTE POUR RIRE BEST OF 2008 () - Producteur délégué ; JUST FOR LAUGHS 2008 JEREMY HOTZ : WHAT A MISERABLE SHOW THAT IS () - Producteur délégué ; MONDIAL D'IMPRO JUSTE POUR RIRE 2008 () - Producteur délégué ; JUST FOR LAUGHS 2009 () - Producteur délégué ; NASTY SHOW 2008 () - Producteur ; SUGAR SAMMY LIVE IN CONCERT () - Producteur ; JUSTE POUR RIRE EN DIRECT 2009 () - Producteur délégué ; GALA ROUSSEAU & DUBOSC () - Producteur délégué ; GALA RACHID BADOURI () - Producteur délégué ; GALA LAURENT PAQUIN 2009 () - Producteur délégué ; GALA FRANÇOIS MORENCY 2009 () - Producteur délégué ; GALA GUY NANTEL 2009 () - Producteur délégué ; GALA MIKE WARD () - Producteur délégué ; GALA MULTI-ANIMATEURS 2009 () - Producteur délégué ; GALA MEILLEURS MOMENTS 1 () - Producteur délégué ; ÉVÉNEMENT JEAN-MARC PARENT 2009 () - Producteur délégué ; NASTY SHOW 2009 () - Producteur délégué ; JUST FOR LAUGHS THE 25TH ANNIVERSARY () - Producteur délégué ; JUST FOR LAUGHS HINGLISH () - Producteur délégué ; JUSTE POUR RIRE EN DIRECT 2010 () - Producteur délégué ; SPÉCIAL COULISSES 2009 () - Participant, Producteur délégué ; ANTHONY KAVANAGH () - Producteur délégué ; LISE DION () - Producteur délégué ; AUDITIONS JUSTE POUR RIRE 2010 () - Producteur délégué ; AUDITIONS JUSTE POUR RIRE 2009 () - Producteur délégué ; PARLEMENTERIES 2009 () - Producteur délégué ; 20/40 HUARD, MERCI À VOUS () - Producteur délégué ; GALA HOMMAGE À CLAUDE MEUNIER () - Producteur délégué ; SPÉCIAL COULISSES 2010 () - Producteur délégué ; GRANDE ENTREVUE PATRICK HUARD () - Producteur délégué ; GALA ÉDOUARD BAER () - Producteur délégué ; CHINESE COMEDY & VARIETY SHOW () - Producteur délégué ; ROCK ET ROLLAND [01] () - Producteur délégué ; ROCK ET ROLLAND [02] () - Producteur délégué ; ÉVÉNEMENT JEAN-MARC PARENT 2010 () - Producteur délégué ; GALA FRANÇOIS MORENCY 2010 () - Producteur délégué ; GALA LAURENT PAQUIN 2010 () - Producteur délégué ; GALA JEAN-FRANÇOIS MERCIER ET LOUIS MORISSETTE () - Producteur délégué ; GALA GREGORY CHARLES () - Producteur délégué ; GALA MULTI-ANIMATEURS 2010 () - Producteur délégué ; GALA GUY NANTEL 2010 () - Producteur délégué ; GALA JUSTE POUR RIRE ENCORE 2010 () - Producteur délégué ; FUNNY AS HELL 2011 () - Producteur délégué ; SHOWBUSINESS QUÉBÉCOIS : DU BIG BAND À AUJOURD'HUI () - Participant ; JUSTE POUR RIRE EN DIRECT 2011 () - Producteur délégué ; EMPIRE BO$$É (2012) - Interprétation ; PARLEMENTERIES 2010 () - Producteur délégué ; AUDITIONS JUSTE POUR RIRE 2011 () - Producteur délégué ; GALA GUY NANTEL : LE BILAN () - Producteur exécutif ; GALA GREGORY CHARLES : SOIRÉE NEW YORK () - Producteur exécutif ; GALA JEAN-FRANÇOIS MERCIER : LE PARTY À MERCIER () - Producteur exécutif ; GALA LAURENT PAQUIN : LA DÉPRESSION () - Producteur exécutif ; GALA ÉRIC SALVAIL : SOIRÉE GRANDE PREMIÈRE () - Producteur exécutif ; ÉVÉNEMENT JEAN-MARC PARENT 2011 () - Producteur exécutif ; SPÉCIAL SOIRÉE DE GALA () - Producteur exécutif ; GALA LES MEILLEURS MOMENTS 1 () - Producteur exécutif ; GALA HOMMAGE À DENISE FILIATRAULT () - Producteur exécutif ; GALA ARTHUR () - Producteur exécutif ; JUSTE POUR RIRE QUÉBEC () - Producteur exécutif ; GALAS DÉMÉNAGENT () - Producteur exécutif",Q3105858
75258,Brian,Belfont,,BITTER ASH (1963) - Interprétation,NA
118720,Michael,Melvoin,,BLIND FEAR (1989) - Musique,Q546405
115203,Don,Rugg,,DOUBLE IDENTITY : THE COUNTERFEIT LIVES OF CELEBRITY LOOKALIKES () - Participant,NA
39927,Roger,Pilon,,"IL Y A LONGTEMPS QUE JE CHANTE () - Musique ; INSTANTANÉS (1985) - Interprétation, Scénario ; PLUS DE PEUR QUE DE MAL () - Musique ; ESPRIT SAIN () - Musique ; PROJET CHARLOT () - Musique ; MOINEAU ET LES PINSON () - Musique ; OR DU TEMPS () - Musique ; PEAU DE BANANE () - Musique",NA
100569,Phil,Davies,,PEACEKEEPERS () - Images,NA
25260,Catherine,Jacob,,"GRANDS DUCS (1996) - Interprétation ; MERCI LA VIE (1991) - Interprétation ; MARIS, LES FEMMES, LES AMANTS (1989) - Interprétation ; COLETTE, UNE FEMME LIBRE () - Interprétation ; BALLADE DE TITUS: UNE FABLE TOUT EN COULEUR (1996) - Interprétation ; NEUF MOIS (1994) - Interprétation",Q511833
5320,Isabelle,Aubret,,SNOW WHITE AND THE SEVEN DWARFS (1937) - Générique additionnel,Q229359
21446,Joseph,Koenig,,"CHRISTOPHER'S MOVIE MATINEE (1968) - Producteur ; CRUISE (1967) - Producteur ; FLOWERS ON A ONE-WAY STREET (1967) - Producteur ; IMPERIAL SUNSET (1967) - Producteur ; CHANGE IN THE MARITIMES (1966) - Producteur ; REAL STORY OF RADAR (1961) - Direction de production ; CONTINENTAL DRIFT (1968) - Producteur ; FUNDAMENTALS OF FISH SPOILAGE (1962) - Scénario ; EVER-CHANGING LOWLANDS (1968) - Producteur ; ORIGINS OF WEATHER (1963) - Scénario ; RISE AND FALL OF THE GREAT LAKES (1968) - Producteur ; WHAT IS LIFE? (1970) - Producteur ; BING BANG BOOM (1969) - Producteur ; PASSING THROUGH SWEDEN / EN PASSANT PAR LA SUÈDE (1969) - Producteur ; RADIATION (1959) - Scénario ; SEARCH FOR LEARNING (1966) - Producteur ; DNA (1969) - Producteur ; ENERGY AND MATTER (1966) - Producteur ; CLIMATES OF NORTH AMERICA (1962) - Scénario ; FALLING FROM LADDERS (1969) - Producteur ; BIRD OF PASSAGE (1966) - Producteur ; CENT FOIS SUR LE MÉTIER... / IF AT FIRST (1969) - Producteur ; CHANGE IN THE WESTERN MOUNTAINS (1966) - Producteur ; TINY TERRORS (1961) - Scénario ; MATHEMATICS AT YOUR FINGERTIPS (1961) - Producteur ; PLACE FOR EVERYTHING (1970) - Producteur ; EVERY SECOND CAR (1964) - Producteur ; QUESTION OF IMMUNITY (1972) - Producteur ; YOU DON'T BACK DOWN (1965) - Producteur ; TWO FILMS BY LIPSETT (1968) - Producteur ; UNSTRUCTURED FOR A SUMMER (1969) - Participant, Producteur ; VOLÉE DES NEIGES (1974) - Scénario ; HALF-MASTED SCHOONER (1969) - Producteur ; SASKATCHEWAN - 45° BELOW (1971) - Producteur ; UNDERGROUND MOVIE (1972) - Producteur ; CHANGING WHEAT BELT (1966) - Producteur ; ANIMALS AND PSYCHOLOGY (1965) - Producteur ; MATRIOSKA (1970) - Producteur ; AU BOUT DE LA LIGNE (1969) - Producteur ; MEDIUM IS THE MASSAGE, YOU KNOW (1969) - Producteur ; RESTRICTED DOGS (1966) - Producteur",Q6210741
136912,Giselle,Trépanier,Comédienne,LIQUID LOVE (1996) - Interprétation,NA
26024,Pat,Kipping,,BILLY DOUCETTE'S HORNPIPE (1980) - Prise de son,NA
110905,Riego,Van Wersch,,STEAK (2007) - Images,NA
127575,Kenichiro,Hara,,GENROKU CHÛSHINGURA (1941) - Scénario,NA
40038,Joshawa,Mathers,,RETURN OF TOMMY TRICKER (1994) - Interprétation,NA
87447,Doris,Deane,,IRON MULE (1925) - Interprétation,Q2404347
98426,Paula,Gallivan,,ALEX & CO. () - Interprétation,NA
131755,Jean-Christophe,Delpias,Acteur,"UN AMOUR DE TROP (1989) - Assistant réalisation, Interprétation",Q3164740
100406,Christina,Ruiz de Luque,,NEUVIÈME () - Producteur,NA
37085,Dominique,Willms,,FEMMES S'EN BALANCENT (1953) - Interprétation,NA
4780,Macha,Meryl,,PALME D'OR () - Participant ; ADORABLE MENTEUSE (1962) - Interprétation,NA
48576,Georges,Mitchell,,COMPARTIMENT DE DAMES SEULES (1934) - Source originale,NA
2480,Richard,Gresko,,90 DAYS (1985) - Musique ; REVOLUTION'S ORPHANS () - Musique ; GIFT FOR KATE (1986) - Musique ; GIVE ME YOUR ANSWER TRUE (1987) - Musique ; MASCULINE MYSTIQUE (1984) - Musique,NA
44298,Gene,Rudolf,,THREE DAYS OF THE CONDOR (1975) - Direction artistique,NA
120423,Stéphane,Baillargeon,,AU NOM DE TOUS LES DIEUX () - Narration,NA
3752,Marcel,Bozzufi,,GAS-OIL (1955) - Interprétation ; CAÏD (1960) - Interprétation ; CIEL SUR LA TÊTE (1964) - Interprétation ; ROUGE EST MIS (1957) - Interprétation ; SIGNAL D'ALARME () - Interprétation,NA
105636,Vincent,Leclerc,,EN 5 MINUTES () - Narrateur ; PAYS D'EN HAUT [Saison 01] () - Interprétation ; PAYS D'EN HAUT [Saison 02] () - Interprétation ; FRENCH EN AMÉRIQUE () - Animateur d'émission ; MA TANTE ALINE (2007) - Interprétation ; INDIAN SUMMER : THE OKA CRISIS () - Interprétation ; RENÉ () - Interprétation ; RENÉ LÉVESQUE () - Interprétation ; PICHÉ : ENTRE CIEL ET TERRE (2010) - Interprétation ; AFFINITY () - Interprétation ; BEING HUMAN [Saison 01] () - Interprétation ; ROUGE SANG (2012) - Interprétation,Q22249882
39104,E.,Raymond,,ROSIÈRE DES HALLES (1935) - Scénario,NA
98433,Noel,Berton,,BLIND TERROR (2000) - Interprétation,NA
28804,Pierre,Lemelin,,"À SAINT-HENRI LE 5 SEPTEMBRE (1962) - Montage sonore ; TÉLESPHORE LÉGARÉ, GARDE-PÊCHE (1959) - Montage sonore ; AMOUREUX DE MONTRÉAL (1992) - Montage images ; MASCARADE (1984) - Prise de son ; FOUGÈRE ET LA ROUILLE OU COLLAGE 2 (1974) - Montage images ; ET DU FILS (1972) - Montage images ; VIVE LA FRANCE (1970) - Montage images ; TROUBBES DE JOHNNY (1974) - Montage images ; REEL DU PENDU (1972) - Montage images ; LAMENTO POUR UN HOMME DE LETTRES (1988) - Montage images, Montage sonore ; JUSQU'AU COU (1964) - Montage images, Scénario ; HOMME À LA TRAÎNE (1986) - Montage images, Prise de son ; BLEU PERDU (1972) - Montage images ; BOZARTS (1969) - Montage images ; OEUF (1971) - Montage images ; NOTRE MONDE INVISIBLE (1973) - Montage images ; BRANCH ET BRANCH (1975) - Montage images ; DIABLERIES D'UN SOURCIER (1966) - Montage images ; POUR LA SUITE DU MONDE (1963) - Mixage, Montage sonore ; SOLUTION (1985) - Montage images ; TOILE BLANCHE (1989) - Montage images ; TOILE D'ARAIGNÉE (1979) - Montage images, Montage sonore ; CHANOINE LIONEL GROULX, HISTORIEN (1960) - Montage sonore ; TABLEAU NOIR (1989) - Montage images ; NAUFRAGÉS DU QUARTIER / ONE WAY STREET (1980) - Montage images ; PETITS ARPENTS (1963) - Montage images ; NORMÉTAL (1959) - Montage sonore ; NOUS SOMMES PLUSIEUR BOUCOUP DE MONDE » (1981) - Montage images ; OPÉRA ZÉRO / OPERA ZERO (1984) - Montage images ; PUZZLE (1976) - Montage images ; QUELQUES ANIMAUX RAISONNABLES? (1972) - Montage images ; TROIS LECTEURS EN DIFFICULTÉ (1968) - Montage images ; UN GARS D'LA PLACE (1983) - Montage images ; UN QUÉBÉCOIS RETROUVÉ (1980) - Montage images, Montage sonore ; VIVRE EN COULEURS / LIVING COLORS (1981) - Montage images ; WILFRID PELLETIER, CHEF D'ORCHESTRE ET ÉDUCATEUR (1961) - Montage sonore ; PETIT BONHEUR / HAPPINESS IS... (1972) - Montage images ; SPORTS DIVERS / SPORTS CHALLENGE (1973) - Montage images ; TAUREAU (1973) - Montage images ; PARTIS POUR LA GLOIRE (1975) - Montage images ; CISSIN... CINQ ANS PLUS TARD (1982) - Montage images ; LOUIS-JOSEPH PAPINEAU : LE DEMI-DIEU (1961) - Prise de son ; FLEURS C'EST POUR ROSEMONT (1969) - Montage images ; GOLD SEEKERS (1962) - Prise de son ; À LA RECHERCHE DE L'INNOCENCE (1964) - Montage images ; EXIL EN BANLIEUE (1960) - Montage sonore ; HOMME NOUVEAU (1970) - Montage images ; JEUX SONT FAITS, RIEN NE VA PLUS! (1971) - Montage images ; FOIRES AGRICOLES (1962) - Montage images, Montage sonore ; SOIF DE L'OR (1962) - Montage sonore ; MENTEUR (1re PARTIE) - L'ALCOOLISME : LA MALADIE (1977) - Montage images ; MENTEUR (2e PARTIE) - L'ALCOOLISME : LA THÉRAPIE (1977) - Montage images ; UNE ANNÉE À VAUCLUSE (1964) - Montage images ; MOTONEIGE (1970) - Montage images ; GRANDE AVENTURE INDUSTRIELLE RACONTÉE PAR ÉDOUARD SIMARD (1960) - Montage sonore ; BÛCHERONS DE LA MANOUANE (1962) - Musique ; FAIM / HUNGER (1973) - Montage images ; UNE ÂME À VOILE (1982) - Montage images ; MARIAGE DU HIBOU : UNE LÉGENDE ESKIMO (1974) - Montage images",NA
14712,Bernard,Chaumeil,,PROVINCIALE (1980) - Prise de son ; DAGUERRÉOTYPES (1975) - Générique additionnel,NA
102551,Julie,Lapierre,,BOUGON - C'EST AUSSI ÇA LA VIE [Saison 03] () - Interprétation,NA
4138,Suzanne,Cabon,,MAÎTRE APRÈS DIEU (1950) - Montage images ; SCHPOUNTZ (1938) - Montage images,Q18610896
106590,Gregory,Fine,,"WEBDREAMS [02] () - Narration, Producteur ; WEBDREAMS [03] () - Narration, Producteur, Scénario ; TRASHOPOLIS [01] () - Producteur délégué, Scénario ; TRASHOPOLIS () - Producteur délégué, Scénario ; CANADIAN RESTORERS () - Producteur",NA
99520,Jocelyn,Bonnier,,INTERFÉRENCES (2000) - Générique additionnel,Q55725243
